-- phpMyAdmin SQL Dump
-- version 5.1.0
-- https://www.phpmyadmin.net/
--
-- Host: 127.0.0.1
-- Waktu pembuatan: 21 Jan 2023 pada 09.40
-- Versi server: 10.4.18-MariaDB
-- Versi PHP: 7.4.16

SET SQL_MODE = "NO_AUTO_VALUE_ON_ZERO";
START TRANSACTION;
SET time_zone = "+00:00";


/*!40101 SET @OLD_CHARACTER_SET_CLIENT=@@CHARACTER_SET_CLIENT */;
/*!40101 SET @OLD_CHARACTER_SET_RESULTS=@@CHARACTER_SET_RESULTS */;
/*!40101 SET @OLD_COLLATION_CONNECTION=@@COLLATION_CONNECTION */;
/*!40101 SET NAMES utf8mb4 */;

--
-- Database: `db_event`
--

-- --------------------------------------------------------

--
-- Struktur dari tabel `articles`
--

CREATE TABLE `articles` (
  `id_articles` int(11) NOT NULL,
  `title` varchar(255) NOT NULL,
  `description` text NOT NULL,
  `thumbnail` varchar(255) NOT NULL,
  `date` date NOT NULL,
  `id_categories` int(11) NOT NULL,
  `id_users` int(11) NOT NULL,
  `slug` text NOT NULL,
  `status` int(11) NOT NULL
) ENGINE=InnoDB DEFAULT CHARSET=utf8mb4;

--
-- Dumping data untuk tabel `articles`
--

INSERT INTO `articles` (`id_articles`, `title`, `description`, `thumbnail`, `date`, `id_categories`, `id_users`, `slug`, `status`) VALUES
(33, 'Polinela mengaji', '<p><b>Assalamu\'alaikum warahmatullahi wabarakatuh</b></p><p>Liburan telah usai‼️</p><p>Eitts ada info nih Kajian Rutin Al-Banna Is Back</p><p>Polinela Mengaji.&nbsp;<span style=\"font-size: var(--bs-body-font-size); font-weight: var(--bs-body-font-weight); text-align: var(--bs-body-text-align);\">Kajian Rutin Senin Sore</span></p><p>Diisi oleh&nbsp;</p><ul><li><b>Pemateri : Abi Ansori&nbsp;</b></li><li><b>Judul : Management Cinta&nbsp;</b></li><li><b>Tempat : Masjid Al-Banna Politeknik Negeri Lampung.</b></li><li><b>Hari: Senin, 07 November 2022</b></li><li><b>Jam: 16.30 WIB&nbsp;</b></li></ul><p>Siapkan infaq terbaikmu</p><p><b>\"Barang siapa menempuh satu jalan (cara) untuk mendapatkan ilmu, maka Allah pasti mudahkan baginya jalan menuju surga.\" (HR. Muslim)</b></p><p>Wassalamu\'alaikum warahmatullahi wabarakatuh</p>', '1674181815_6b196dee5d945cf89550.jpeg', '2023-01-19', 12, 15, 'polinela-mengaji', 1),
(34, 'Malam Ukhuwah', '<p><b>&nbsp;Assalamu\'alaikum warahmatullahi wabarakatuh&nbsp;</b></p><p><span style=\"font-size: var(--bs-body-font-size); font-weight: var(--bs-body-font-weight); text-align: var(--bs-body-text-align);\">TERUNTUK KELUARGA BESAR UKM AL-BANNA { ONLY IKHWAN }</span><br></p><p><span style=\"font-size: var(--bs-body-font-size); font-weight: var(--bs-body-font-weight); text-align: var(--bs-body-text-align);\">Insyaa Allah akan diadakan ACARA</span><br></p><p><b>\" MAKAH { Malam Ukhuwah }&nbsp;</b></p><p><span style=\"font-size: var(--bs-body-font-size); font-weight: var(--bs-body-font-weight); text-align: var(--bs-body-text-align);\">Dengan tema :&nbsp;</span><b style=\"font-size: var(--bs-body-font-size); text-align: var(--bs-body-text-align);\">\" SEMANGAT BERBENAH, ERATKAN UKHUWAH\"</b></p><p>Yang Insya Allah akan dilaksanakan pada:</p><ul><li><b>Hari/Tanggal : Jum\'at, 21 Oktober 2022</b></li><li><b>Pukul&nbsp; &nbsp; &nbsp; &nbsp; &nbsp; &nbsp; &nbsp; : 16.00 WIB - Selesai</b></li><li><b>Tempat&nbsp; &nbsp; &nbsp; &nbsp; &nbsp; &nbsp;: Masjid Al Banna</b></li><li><b>DC&nbsp; &nbsp; &nbsp; &nbsp; &nbsp; &nbsp; &nbsp; &nbsp; &nbsp; &nbsp;: Baju Muslim Koko</b></li></ul><p><b>Benefit :</b></p><ul><li>Ilmu Yang Bermanfaat</li><li>Teman Baru</li><li>Makan BARENG</li><li>Riadoh Bareng</li><li>Snack</li></ul><p><b>&nbsp;NOTE :</b></p><ul><li>WAJIB MENGINAP</li><li>DI USAHAKAN ON TIME YA</li><li>Bawa baju ganti untuk olahraga</li></ul><p>Semoga Allah senantiasa merahmati Kita semuanya????</p><p><b>Hamasah!!!</b></p><p>&nbsp;Wassalamu\'alaikum warahmatullahi wabarakatuh</p><p><b>MEDIA UKM AL BANNA POLINELA</b></p><ul><li>Portal berita:albanna.kemahasiswaan.polinela.ac.id</li><li>Email : Albanna@polinela.ac.id</li><li>Facebook : Ukm Al Banna&nbsp;</li><li>IG : ldkalbannapolinela</li><li>Youtube : Ukm Al Banna</li><li>Twitter : @ukmalbanna</li></ul><p><b>#RumahUkhuwah&nbsp;<span style=\"font-size: var(--bs-body-font-size); text-align: var(--bs-body-text-align);\">#KolabolatorKebaikan&nbsp;</span><span style=\"font-size: var(--bs-body-font-size); text-align: var(--bs-body-text-align);\">#Man jadda wajada&nbsp;</span><span style=\"font-size: var(--bs-body-font-size); text-align: var(--bs-body-text-align);\">#SyiarkanDakwah_EratkanUkhwah&nbsp;</span><span style=\"font-size: var(--bs-body-font-size); text-align: var(--bs-body-text-align);\">#AlGhozi_Generation</span></b></p><p><b><span style=\"font-size: var(--bs-body-font-size); text-align: var(--bs-body-text-align);\">#</span><span style=\"font-size: var(--bs-body-font-size); text-align: var(--bs-body-text-align);\">LuruskanNiat_TegakkanTekad_TebarkanManfaat&nbsp;</span><span style=\"font-size: var(--bs-body-font-size); text-align: var(--bs-body-text-align);\">#UKMAlBannaGenerasi23</span></b></p>', '1674182084_45c4f07cb9c449904f78.jpeg', '2023-01-19', 12, 15, 'malam-ukhuwah', 1),
(35, 'Liga Mahasiswa Polinela', '<p><b>Assalamualaikum Warahmatullahi Wabarakatuh</b></p><p>Salam Olahraga&nbsp;</p><p>Salam Satu Jiwa Semangat Sportifitas&nbsp;</p><p>Sehubung akan diadakan Liga Mahasiswa Polinela (LIMAPO) dengan mengusung tema \"Larutkan Perbedaan, Reaksikan Persamaan dan Hasilkan Prestasi\" oleh UKM Olahraga .</p><p>Dengan itu, UKM OLAHRAGA mengajak&nbsp; untuk ikut berpartisipasi dengan mengirimkan sebanyak 1 Tim per- Cabor untuk dapat mengikuti turnamen antar Program Studi.</p><p>Adapun cabang olahraga yang diikuti :</p><ol><li><b>Futsal (1Tim)</b></li><li><b>Basket (1Tim)</b></li><li><b>Voli (1Tim)</b></li><li><b>Badminton (1 Tim Per-kategori)</b></li><li><b>Tenis meja (1 Tim)</b></li><li><b>Catur (Max 2 orang)</b></li></ol><p><b>Timeline</b></p><ul><li>Registrasi : 19 - 22 Maret 2022</li><li>TM : 23-24 Maret 2022</li><li>Match Day : 25 - 28 Maret 2022</li></ul><p><b>Persyaratan</b></p><ol><li>Fotocopy KTM/KTP.</li><li>Menyertakan Invoice mahasiswa aktif (Genap).</li><li>Menyertakan foto 2 lembar ukuran 3x4.</li></ol><p><b>NOTE :</b></p><p>Form pendaftaran dan surat perjanjian di print, dan dikumpulkan pada saat registrasi. Para peserta yang ingin mengikuti dapat melakukan registrasi dengan cara Menghubungi Hima per - Program Studi</p>', '1674182233_573c8033f442d9619f4a.jpeg', '2023-01-19', 11, 20, 'liga-mahasiswa-polinela', 1),
(36, 'Musyawarah Besar UKM Albanna', '<p><span style=\"font-size: var(--bs-body-font-size); text-align: var(--bs-body-text-align);\"><b>بِسْــــــــــــــمِ اللهِ الرَّحْمَنِ الرَّحِيْـــــمِ</b></span><br></p><p>“Tidaklah suatu kaum berkumpul di salah satu rumah dari rumah-rumah Allah (masjid) membaca Kitabullah dan saling mempelajarinya, melainkan akan turun kepada mereka sakinah (ketenangan), mereka akan dinaungi rahmat, mereka akan dilingkupi para malaikat dan Allah akan menyebut-nyebut mereka di sisi para makhluk yang dimuliakan di sisi-Nya” (HR. Muslim no. 2699).</p><p><b>السلام عليكم ورحمة الله وباركا ته</b></p><p><b>Undangan&nbsp;</b></p><p>Keluarga Besar UKM AL-Banna Angkatan 20, 21, 22&nbsp;</p><p>Dalam rangka diadakan nya&nbsp; MUSBA ( Musyawarah Akbar ) kami mengundang Kawan-kawan Semua untuk hadir pada:</p><ul><li>Ahad, 25&nbsp; Desember 2022</li><li>Pukul 07.00 WIB s/d Selesai</li></ul><p><b>MUSBA ( Musyawarah Akbar UKM AL-BANNA)</b></p><ul><li>Gedung Sakura</li><li>15.000 ( untuk angkatan 21&amp;22 )</li><li>Angkatan 20 PDH Al Banna</li></ul><p><b>IKHWAN</b></p><ul><li>Angkatan 21 dan 22 Kemeja Putih, Celana dasar hitam + Almet</li></ul><p><b>AKHWAT</b></p><ul><li>Angkatan 21 dan 22 Kemeja Putih,Rok Hitam + Almet</li><li>Angkatan 22 Kemeja Putih,&nbsp; Celana Dasar Hitam</li></ul><p><b>NOTE : Wajib Hadir Keluarga Besar UKM AL BANNA !</b></p><p>Atas kehadirannya, kami ucapkan banyak terimakasih, Jazaakumullaah khair</p><p><b>السلام عليكم ورحمة الله وباركا ته</b></p>', '1674183877_56ba115d954463b4f1dc.jpeg', '2023-01-19', 12, 15, 'musyawarah-besar-ukm-albanna', 1),
(40, 'Universary UKM Bidang Seni ke 10', '<p><b>Assalamualaikum Warahmatullahi Wabarakatuh</b></p><p><b>Salam Budaya !!!</b></p><p>Pemberitahuan, kepada seluruh mahasiswa Politeknik Negeri Lampung, kalian semua di undang. Dalam acara&nbsp; Pentas Seni Sekaligus Anniversary UKMBS ke 10 pada :&nbsp;</p><ul><li><b>Hari/tgl: Selasa, 02 Agustus 2022</b></li><li><b>Waktu: 15.30 WIB s.d selesai</b></li><li><b>Tempat: GSG POLINELA</b></li><li><b>Dresscode: Childhood/Menyesuaikan</b></li></ul><p>Besar harapan kami rekan-rekan dapat hadir dan ikut memeriahkan acara kami pada waktu yang sudah ditentukan.</p><p><b>Terimakasih.</b></p><p>Wassalamu\'alaikum Warahmatullahi Wabarakatuh</p><p><b>Kami Komunitas Orang Gila Tapi Tidak Sakit Jiwa!!!</b></p>', '1674187701_0d0726c1a1977ec70961.jpeg', '2023-01-19', 12, 16, 'universary-ukm-bidang-seni-ke-10', 1),
(42, 'Lomba Lukis Dan Face Art', '<p><b>Assalamualaikum. Wr. Wb</b></p><p><b>Salam Budaya!!</b></p><p>Unit Kegiatan Mahasiswa Bidang Seni&nbsp;<span style=\"font-size: var(--bs-body-font-size); text-align: var(--bs-body-text-align);\"><b>Politeknik Negeri Lampung</b></span></p><p>Proudly present</p><p><b>LOMBA LUKIS DAN FACE ART</b></p><p>\"Lomba Lukis Dan Face Art diselenggarakan dengan harapan dapat Meningkatkan Kreativitas Serta Menumbuhkan Rasa Nasionalisme sebagai anak Bangsa Dalam Rangka Memperingati Hari Pahlawan”</p><p><b>HTM : Rp. 15.000,00</b></p><p><b>Time : 01 - 10 november 2020</b></p><p>Persyaratan Lomba</p><ol><li>Follow IG @ukm_bspolinela</li><li>Mengisi form pendaftaran pada link:&nbsp;<b style=\"font-size: var(--bs-body-font-size); text-align: var(--bs-body-text-align);\">https://forms.gle/PGMoVmF5esF6b6jPA</b>(link on bio)</li><li>Melakukan registrasi. Bukti pembayaran di lampirkan pada formulir pendaftaran</li><li>Mengikuti kompetisi sesuai dengan syarat dan ketentuan yang berlaku</li></ol><p><b>Ketentuan Perlombaan</b></p><p>Lomba Lukis</p><ol><li><b>Tema : Pahlawan</b></li><li><b>Media : Bebas</b></li><li><b>Bersifat perorangan</b></li><li><b>Karya yang di ikut sertakan merupakan hasil karya sendiri dan belum pernah di ikut sertakan dalam lomba</b></li><li><b>Pengumpulan karya dapat diakses dilink:&nbsp;https://forms.gle/ph7RgjHYfGZrBfxT8</b></li></ol><p>berbentuk timelapse yang menyertakan proses melukis sampai dengan selesai. Durasi video maksimal 5 menit disertai foto hasil akhir.</p><p><b>Lomba Face Art</b></p><ol><li>Tema : Pahlawan</li><li>Media : Wajah</li><li>Hasil karya video max 2 orang</li><li>Peserta diharuskan membuat karya sesuai dengan tema yang telah ditentukan panitia</li><li>Pengumpulan karya dapat diakses dilink :&nbsp;<span style=\"font-size: var(--bs-body-font-size); text-align: var(--bs-body-text-align);\"><b>https://forms.gle/ph7RgjHYfGZrBfxT8</b></span></li></ol><p>berbentuk video Timelapse meliputi proses sampai dengan hasil akhir. Durasi video maksimal 5 menit disertai foto hasil akhir.&nbsp;<span style=\"font-size: var(--bs-body-font-size); font-weight: var(--bs-body-font-weight); text-align: var(--bs-body-text-align);\">The Winner :</span></p><ul><li><b>Juara 1 : Piala, sertifikat , uang pembinaan Rp 500.000,00</b></li><li><b>Juara 2 : Piala, sertifikat, uang pembinaan Rp 300.000,00</b></li><li><b>Juara 3 : Piala, srtifikat, uang pembinaan Rp 200.000,00</b></li></ul><p><b>Contact Person:</b></p><ul><li>Doy: +62 896-0996-6863</li><li>waselar : 0813-6385-3344</li></ul><p><b>LET\'S JOIN US‼️</b></p><p><b>Salam Budaya!!</b></p><p><b>\" Kami Komunitas Orang Gila&nbsp;<span style=\"font-size: var(--bs-body-font-size); text-align: var(--bs-body-text-align);\">Tapi Tidak Sakit Jiwa \"</span></b></p><p><b>Wasalamualaikum Wr. Wb</b></p><p>#lombamelukisukmbs&nbsp;<span style=\"font-size: var(--bs-body-font-size); font-weight: var(--bs-body-font-weight); text-align: var(--bs-body-text-align);\">#event2020ukmbspolinela&nbsp;</span><span style=\"font-size: var(--bs-body-font-size); font-weight: var(--bs-body-font-weight); text-align: var(--bs-body-text-align);\">#lombafaceartukmbs&nbsp;</span><span style=\"font-size: var(--bs-body-font-size); font-weight: var(--bs-body-font-weight); text-align: var(--bs-body-text-align);\">#lombaukmbspolinela2020</span></p>', '1674284036_2e716d8e4ed5aac65391.jpeg', '2023-01-21', 11, 16, 'lomba-lukis-dan-face-art', 1),
(43, 'Webinar Seni Di Masa Pandemi', '<p><b>Assalamualaikum. Wr. Wb</b></p><p><b>SALAM BUDAYA!!</b></p><p>Unit Kegiatan Mahasiswa Bidang Seni&nbsp;<span style=\"font-size: var(--bs-body-font-size); text-align: var(--bs-body-text-align);\"><b>Politeknik Negeri Lampung</b></span></p><p>Proudly Present <span style=\"font-size: var(--bs-body-font-size); font-weight: var(--bs-body-font-weight); text-align: var(--bs-body-text-align);\">Webinar Series Dengan Tema :</span></p><p><b>SENI DIMASA PANDEMI</b></p><p>Bersama dengan pemateri-pemateri kece yg ahli di bidangnya, yaitu :</p><p><b>Seni Rupa : VIDHER BAMBANG SUHARDI<span style=\"font-size: var(--bs-body-font-size); text-align: var(--bs-body-text-align);\">( Mural Art, Painter )</span></b></p><p><b>Seni Tari : WIDYA RETNA NINGRUM&nbsp;<span style=\"font-size: var(--bs-body-font-size); text-align: var(--bs-body-text-align);\">( Pendidikan Seni Tari UNILA 2017 )</span></b></p><p><b>‍Seni Musik : ASHARENO&nbsp;<span style=\"font-size: var(--bs-body-font-size); text-align: var(--bs-body-text-align);\">( Musisi )</span></b></p><p><b>Moderator :</b></p><ol><li>Yulia Astutik</li><li>Akhila</li><li>Mega Apsari</li></ol><p><b>SAVE THE DATE‼️&nbsp;</b></p><p><span style=\"font-size: var(--bs-body-font-size); text-align: var(--bs-body-text-align);\"><b>SENI RUPA</b></span></p><ul><li>Sabtu, 29 Mei 2021</li><li>08.00 – s/d selesai</li></ul><p><b>SENI TARI</b></p><ul><li>Sabtu, 05 Juni 2021</li><li>08.00 – s/d selesai</li></ul><p><b>SENI MUSIK</b></p><ul><li>Minggu, 06 Juni 2021</li><li>08.00 s/d selesai</li></ul><p><b>Fasilitas :</b></p><ol><li>E-SERTIFIKAT</li><li>Doorprize</li><li>Ilmu bermanfaat</li><li>Senyum manis panitia</li></ol><p><b>Note : FREE HTM</b></p><p>Syarat dan ketentuan :</p><ol><li>Mengisi form registrasi&nbsp;<span style=\"font-size: var(--bs-body-font-size); font-weight: var(--bs-body-font-weight); text-align: var(--bs-body-text-align);\">Link : https://forms.gle/TprXRkgbxcDxR5PKA ( on bio IG : ukm_bspolinela )</span></li><li>Mengikuti acara hingga akhir</li><li>Mengisi daftar hadir</li><li>Jangan lupa ikut sesi foto bersama</li></ol><p><b>Contacts person&nbsp;&nbsp;<span style=\"font-size: var(--bs-body-font-size); text-align: var(--bs-body-text-align);\">WA :</span></b></p><ol><li>+62 895 1839 7985 ( MANJAH )</li><li>+62 857 6885 5428 ( KEJAM )</li></ol><p><b>Portal media</b></p><ul><li><span style=\"font-size: var(--bs-body-font-size); font-weight: var(--bs-body-font-weight); text-align: var(--bs-body-text-align);\">Email : ukmbspolinela12@gmail.com</span></li><li>IG : ukm_bspolinela</li><li>Ytb : UKMBSpolinela</li></ul><p><b>LETS JOIN US‼️</b></p><p><b>SENI INOVATIF PANDEMI KREATIF</b></p><p><b>SALAM BUDAYA!!!</b></p><p><b>Kami Komunitas Orang Gila Tapi Tidak Sakit Jiwa!!!</b></p>', '1674284153_1539c3a5ccd739472440.jpeg', '2023-01-21', 9, 16, 'webinar-seni-di-masa-pandemi', 1);

-- --------------------------------------------------------

--
-- Struktur dari tabel `categories`
--

CREATE TABLE `categories` (
  `id_categories` int(11) NOT NULL,
  `name` varchar(255) NOT NULL
) ENGINE=InnoDB DEFAULT CHARSET=utf8mb4;

--
-- Dumping data untuk tabel `categories`
--

INSERT INTO `categories` (`id_categories`, `name`) VALUES
(9, 'Webinar'),
(10, 'Seminar'),
(11, 'Info Lomba'),
(12, 'Kegiatan');

-- --------------------------------------------------------

--
-- Struktur dari tabel `community`
--

CREATE TABLE `community` (
  `id_community` int(11) NOT NULL,
  `name` varchar(50) NOT NULL,
  `description` text NOT NULL,
  `thumbnail` varchar(255) NOT NULL,
  `slug` text NOT NULL
) ENGINE=InnoDB DEFAULT CHARSET=utf8mb4;

--
-- Dumping data untuk tabel `community`
--

INSERT INTO `community` (`id_community`, `name`, `description`, `thumbnail`, `slug`) VALUES
(14, 'UKM Pers Sukma', '<p style=\"text-align: justify;\">Tentang UKM Pers SUKMA</p><p style=\"text-align: justify;\">Pers SUKMA (Suara Kreatifitas Mahasiswa) adalah salah satu Unit Kegiatan Mahasiswa (UKM) di Politeknik Negeri Lampung (Polinela) dan merupakan satu-satunya UKM yang bergerak dibidang Jurnalistik. SUKMA memiliki peran yang cukup penting sebagai kontrol sosial secara kritis, analisis, ilmiah dan bersifat membangun serta sebagai sumber informasi bagi civitas akademika Politeknik Negeri Lampung.</p><p style=\"text-align: justify;\">Pada awal terbentuk, UKM Pers SUKMA bernama Lembaga Pers Mahasiswa Suara Kreatifitas Mahasiswa yang disingkat menjadi LPM SKM. Namun, pada Sidang Umun Mahasiswa (SUM) yang ke-6 pada tanggal 15 September 2000, LPM SKM berganti nama menjadi LPM SUKMA. Lalu, Pada 3 Februari 2002 LPM SUKMA resmi berganti nama menjadi UKM Pers SUKMA sampai saat ini.</p>', '1671267817_951c4bf988cfa94c741c.png', 'ukm-pers-sukma'),
(15, 'UKM Al Banna', '<p style=\"text-align: justify; \">Sejarah UKM Al Banna Polinela | Politeknik Negeri Lampung pada awalnya dikenal dengan nama Politeknik Pertanian Negeri Lampung dan resmi menyelenggarakan pendidikan tinggi secara mandiri dan menjadi salah satu bentuk Perguruan Tinggi Negeri (PTN) di Provinsi Lampung sejak tanggal 7 April 2001, berdasarkan SK. Mendiknas RI No. 036/O/2001.<br></p>', '1674170237_5a3604ffde6896d79ac5.png', 'ukm-al-banna'),
(16, 'UKM Bidang Seni', '<p style=\"text-align: justify; \">Kami komunitas orang gila pada estetika dan ilmu, dan bukan sakit jiwa” itulah slogan pertama dari UKM Bidang Seni Polinela, yang sekarang sudah direvisi menjadi \"Kami Komunitas Orang Gila Tapi Tidak Sakit jiwa\". UKM Bidang Seni bergerak dalam bidang seni (musik, tari, theater, paduan suara dan perkusi).&nbsp;<span style=\"font-size: var(--bs-body-font-size); font-weight: var(--bs-body-font-weight);\">Maka, jika kebetulan masuk ke Politeknik Negeri Lampung, mempunyai bakat dan ingin berprestasi di bidang seni, salurkanlah kreativitas dan kemampuanmu di UKMBS Polinela.&nbsp;</span><span style=\"font-size: var(--bs-body-font-size); font-weight: var(--bs-body-font-weight);\">Merupakan salah satu Unit Kegiatan Mahasiswa (UKM) di Perguruan Tinggi Polinela yang memiliki inovasi tersendiri dalam seni berorganisasi. Dengan visi menciptakan generasi muda yang berjiwa seni dan memiliki kreativitas yang tinggi dengan berlandaskan moral dan etika. dan menetapkan misim engembangkan bakat dan kreativitas mahasiswa Politeknik Negeri Lampung. Menjalin kerja sama dengan organisasi lainnya agar dapat saling mendukung untuk terciptanya organisasi yang produktif dan berkualitas.</span></p>', '1671268099_4c8304027d96fc3d052d.png', 'ukm-bidang-seni'),
(18, 'UKM Poltapala', '<p style=\"text-align: justify; \">Didirikan pada tanggal 25 Juli 1989, UKM ini Bernama POLTAPALA (POLITEKNIK PENCINTA ALAM LAMPUNG) Didirikan oleh sekelompok orang yang sadar dan peduli akan kelestarian lingkungan hidup.</p><p style=\"text-align: justify; \">VISI DAN MISI</p><p style=\"text-align: justify; \">VISI: Membentuk kepribadian mahasiswa yang&nbsp; &nbsp; kreatif dan bertanggung jawab terhadap lingkungn masyarakat.</p><p style=\"text-align: justify; \">MISI: Mewujudkan sumberdaya manusia yang peka terhadap alam dan lingkungan untuk melaksanakan fungsi sosial dan ikut serta mengatasi masalah alam, sosial dan lingkungan</p><div style=\"text-align: justify; \"><br></div>', '1671332359_d3184dcaf82f55cb201f.png', 'ukm-poltapala'),
(19, 'UKM Kopma ', '<p style=\"text-align: justify; \">UKM Kopma Mandiri adalah salah satu unit kegiatan mahasiswa di Politeknik Negeri Lampung, yang bergerak dibidang jasa dan penjualan. UKM Kopma Mandiri bertujuan membangun jiwa-jiwa wirausaha mahasiswa Politeknik Negeri Lampung dan diharapkan kelak Mahasiswa atau LULUSAN dari POLINELA bukan hanya mendapatkan pekerjaan, namun dapat membuka lapangan pekerjaan untuk orang lain.</p><p style=\"text-align: justify; \">Jadi jangan salah kaprah dalam penafsiran Koperasi, karena disinilah anda akan dilatih untuk menjadi seorang enterpreneurship yang handal, dalam bidang menegement maupun pelaksanaan dilapangan.</p><p style=\"text-align: justify; \">UKM Kopma Mandiri melakukan pertemuan rutin pada hari senin pukul 16.00 WIB, yangmana pertemuan ini dimaksudkan agar kegiatan mahasiswa khususnya kopma dapat termonitoring dan terkendali. Bukan hanya itu pertemuan ini dilakukan untuk membahas permasalahan-permasalahan yang terdapat pada tubuh UKM Kopma sendiri dsan nantinya akan dicari solusi dengan mufakat bersama.</p><div style=\"text-align: justify; \"><br></div>', '1671332452_9ec2dd1f856706c4a72e.jpg', 'ukm-kopma'),
(20, 'UKM Olahraga', '<p style=\"text-align: justify; \"><span lang=\"EN-US\" style=\"font-size: 11pt; line-height: 115%; font-family: Arial;\">UKM\r\nOlahraga resmi berdiri sesuai keputusan Sidang Umum Mahasiswa pada tanggal&nbsp; 03 Desember 2011 Pkl. 20.50 WIB. UKM Olahraga\r\nberubah dari Dirtjen olahraga&nbsp; yang\r\nberdiri dibawah naungan Badan Eksekutif Mahasiswa Politeknik Negeri Lampung\r\nsejak tahun 2001. Berlandaskan semangat yang tinggi dari 7 divisi sebagai\r\npenggagas awal dan demi memajukan perkembangan olahraga di Politeknik Negeri\r\nLampung, dari hasil beberapa kali rapat Internal Dirtjen Olahraga memberanikan\r\ndiri untuk mengajukan sebagai UKM Olahraga pada sidang umum mahasiswa 2011.\r\nTiga delegasi yang diutus untuk maju dalam Sidang Umum Mahasiswa 2011 yaitu\r\nAdhitya Kevin Prananda, Ridho Prasojo, Dan Soleh Ade Kusuma.</span><span style=\"font-family: Arial;\">﻿</span><br></p>', '1671889202_4a8075da1036d4438ed2.jpeg', 'ukm-olahraga'),
(26, 'BEM', '<p style=\"text-align: justify; \">Sebuah Organisasi yang menjadi eksekutor dalam menjalan semua program kerja yang telah dibentuk dalam sebuah rapat proker yakni lokakarya. Organisasi ini dibawah pengawasan langsung dari Ditjen Dikti dalam pelaksanaan dan lain sebagainya. BEM juga menjadi wadah yang mengatur jalan nya sistem semi kenegaraan yang dibentuk disetiap kampus baik universitas, intitusi, politeknik, sekolah tinggi dan lain sebagainya.</p>', '1674170510_e77e78f3e4abcb3dabf5.jpg', 'bem'),
(27, 'UKM Garda', '<p><span style=\"text-align: var(--bs-body-text-align); font-size: 15px; white-space: pre-wrap;\"><font color=\"#0f1419\" face=\"TwitterChirp, -apple-system, BlinkMacSystemFont, Segoe UI, Roboto, Helvetica, Arial, sans-serif\">UKM Garda (Garda Kedisiplinan) adalah salah satu Unit Kegiatan Mahasiswa (UKM) di Politeknik Negeri Lampung (Polinela) dan merupakan satu-satunya UKM yang bergerak dibidang </font></span><span style=\"color: rgb(15, 20, 25); font-family: TwitterChirp, -apple-system, BlinkMacSystemFont, &quot;Segoe UI&quot;, Roboto, Helvetica, Arial, sans-serif; font-size: 15px; white-space: pre-wrap;\"> menjunjung tinggi nilai-nilai </span>kedisiplinan<span style=\"color: rgb(15, 20, 25); font-family: TwitterChirp, -apple-system, BlinkMacSystemFont, &quot;Segoe UI&quot;, Roboto, Helvetica, Arial, sans-serif; font-size: 15px; white-space: pre-wrap;\">.</span><span style=\"text-align: var(--bs-body-text-align); font-size: 15px; white-space: pre-wrap;\"><font color=\"#0f1419\" face=\"TwitterChirp, -apple-system, BlinkMacSystemFont, Segoe UI, Roboto, Helvetica, Arial, sans-serif\">Garda memiliki peran yang cukup penting sebagai kontrol sosial secara menyeluruh di setiap mahasiswa dan bersifat membangun sikap kedisiplinan serta sebagai sumber panutan bagi civitas akademika Politeknik Negeri Lampung.</font></span><br></p>', '1674173224_6466caa0684f3c6a72d4.jpg', 'ukm-garda'),
(39, 'English Club', '<p><span style=\"color: rgb(68, 68, 68); font-family: &quot;Open Sans&quot;, sans-serif; text-align: var(--bs-body-text-align); background-color: rgb(249, 249, 249); font-size: 15px; white-space: pre-wrap;\"><font color=\"#0f1419\" face=\"TwitterChirp, -apple-system, BlinkMacSystemFont, Segoe UI, Roboto, Helvetica, Arial, sans-serif\">UKM English Club adalah salah satu Unit Kegiatan Mahasiswa (UKM) di Politeknik Negeri Lampung (Polinela) dan merupakan satu-satunya UKM yang bergerak dibidang </font></span><span style=\"background-color: rgb(249, 249, 249); color: rgb(15, 20, 25); font-family: TwitterChirp, -apple-system, BlinkMacSystemFont, &quot;Segoe UI&quot;, Roboto, Helvetica, Arial, sans-serif; font-size: 15px; white-space: pre-wrap;\"> bahasa inggriss </span><span style=\"background-color: rgb(249, 249, 249); color: rgb(15, 20, 25); font-family: TwitterChirp, -apple-system, BlinkMacSystemFont, &quot;Segoe UI&quot;, Roboto, Helvetica, Arial, sans-serif; font-size: 15px; white-space: pre-wrap;\">.English Club </span><span style=\"color: rgb(68, 68, 68); font-family: &quot;Open Sans&quot;, sans-serif; text-align: var(--bs-body-text-align); background-color: rgb(249, 249, 249); font-size: 15px; white-space: pre-wrap;\"><font color=\"#0f1419\" face=\"TwitterChirp, -apple-system, BlinkMacSystemFont, Segoe UI, Roboto, Helvetica, Arial, sans-serif\"> memiliki peran yang cukup penting sebagai penyeimbang memberikan semangat dalam belajar berbahasa inggris menyeluruh di setiap mahasiswa dan bersifat membangun dalam hal bahasa serta sebagai sumber panutan bagi civitas akademika Politeknik Negeri Lampung.</font></span><br></p>', '1674173636_31decc98fd8568ab4029.png', 'english-club');

-- --------------------------------------------------------

--
-- Struktur dari tabel `users`
--

CREATE TABLE `users` (
  `id_users` int(11) NOT NULL,
  `id_community` int(11) NOT NULL,
  `username` varchar(255) NOT NULL,
  `password` varchar(255) NOT NULL,
  `roles` enum('admin','kontributor') NOT NULL
) ENGINE=InnoDB DEFAULT CHARSET=utf8mb4;

--
-- Dumping data untuk tabel `users`
--

INSERT INTO `users` (`id_users`, `id_community`, `username`, `password`, `roles`) VALUES
(14, 14, 'sukma', '$2y$10$jggb2e0ben9XiaTSJpCS2.fe.eLdDmCcH/fpMDsqu.1AKMjzTM0pW', 'kontributor'),
(15, 15, 'albanna', '$2y$10$j54v35VmXkHgq3rRFugKeeXFTgju0LErOvALAL5WztNy0SLuop3rO', 'kontributor'),
(16, 16, 'bidangseni', '$2y$10$v4Stv0DpJQtnoXH1hzRB/eilkKtXGs383LuTcH5TFBnzp7NSuTV5G', 'kontributor'),
(18, 18, 'poltapala', '$2y$10$gbgFwYqCD/ne6hOzxiDAfuR7bhVuIr8zLj9n14wBc9smqilPtM8Ye', 'kontributor'),
(19, 19, 'kopma', '$2y$10$mxRZiYe8GEywAhSO5kQYK.gf2Ponk3SYn.R59GQdIZ46nAh341C8G', 'kontributor'),
(20, 20, 'olahraga', '$2y$10$Qdol/qdbPzSVMnYQHzJE2.hiXruy7IOpNqolZTtSGf/zJC2ucEyaC', 'kontributor'),
(26, 26, 'bem', '$2y$10$O6jXWP1r67CyO4GNddwb2.S4YTmB/tP8cozLtHGLHTG8ogzHCqI7.', 'admin'),
(27, 27, 'garda', '$2y$10$XVs8rZXvwh5gR/OGYtGfH.9IlG.h4XerAd8Umuzf6feBsJrGoqn8e', 'kontributor'),
(39, 39, 'ec', '$2y$10$5Fnw3/jIZL7c5brZms4Ylevw5bpVsGNAuLH8WJPlRiFDCvcf6Yga6', 'kontributor');

-- --------------------------------------------------------

--
-- Struktur dari tabel `visitors`
--

CREATE TABLE `visitors` (
  `id_visitors` int(11) NOT NULL,
  `type` int(11) NOT NULL,
  `created_at` timestamp NOT NULL DEFAULT current_timestamp() ON UPDATE current_timestamp(),
  `id_articles` int(11) NOT NULL
) ENGINE=InnoDB DEFAULT CHARSET=utf8mb4;

--
-- Dumping data untuk tabel `visitors`
--

INSERT INTO `visitors` (`id_visitors`, `type`, `created_at`, `id_articles`) VALUES
(1, 1, '2022-07-05 23:26:45', 1),
(2, 1, '2022-07-05 23:36:29', 1),
(3, 1, '2022-07-05 23:37:05', 1),
(4, 1, '2022-07-06 00:25:24', 1),
(5, 1, '2022-07-06 00:25:38', 1),
(6, 1, '2022-07-06 00:28:40', 1),
(7, 1, '2022-07-06 00:28:48', 1),
(8, 1, '2022-07-06 00:29:28', 1),
(9, 1, '2022-07-06 00:29:40', 1),
(10, 2, '2022-07-06 00:30:06', 1),
(11, 2, '2022-07-06 00:30:10', 1),
(12, 2, '2022-07-06 00:30:15', 1),
(13, 2, '2022-07-06 00:30:18', 1),
(14, 2, '2022-07-06 00:30:19', 1),
(15, 2, '2022-07-06 00:30:53', 1),
(16, 2, '2022-07-06 00:31:14', 1),
(17, 2, '2022-07-06 00:31:24', 1),
(18, 2, '2022-07-06 00:31:37', 1),
(19, 2, '2022-07-06 00:33:33', 1),
(20, 2, '2022-07-06 00:34:30', 1),
(21, 2, '2022-07-06 00:38:47', 1),
(26, 2, '2022-07-06 00:41:29', 1),
(27, 2, '2022-07-06 00:41:39', 1),
(28, 2, '2022-07-06 00:41:56', 1),
(29, 2, '2022-07-06 00:42:20', 1),
(30, 2, '2022-07-06 00:42:35', 1),
(31, 2, '2022-07-06 00:42:55', 1),
(32, 2, '2022-07-06 00:43:12', 1),
(33, 2, '2022-07-06 00:43:34', 1),
(34, 2, '2022-07-06 00:44:24', 1),
(35, 2, '2022-07-06 00:45:02', 1),
(36, 2, '2022-07-06 00:45:35', 1),
(37, 2, '2022-07-06 00:45:41', 1),
(38, 2, '2022-07-06 00:48:01', 1),
(39, 2, '2022-07-06 00:48:13', 1),
(40, 2, '2022-07-06 00:48:47', 1),
(41, 2, '2022-07-06 00:49:00', 1),
(42, 2, '2022-07-06 00:49:47', 1),
(43, 2, '2022-07-06 00:50:16', 1),
(44, 2, '2022-07-06 00:50:33', 1),
(45, 2, '2022-07-06 00:52:52', 1),
(46, 2, '2022-07-06 00:54:43', 1),
(47, 2, '2022-07-06 00:54:55', 1),
(48, 2, '2022-07-06 01:01:55', 1),
(49, 2, '2022-07-06 01:05:55', 1),
(50, 2, '2022-07-06 01:06:16', 1),
(51, 2, '2022-07-06 01:06:28', 1),
(52, 2, '2022-07-06 01:06:43', 1),
(53, 2, '2022-07-06 01:06:46', 1),
(54, 2, '2022-07-06 01:06:48', 1),
(55, 2, '2022-07-06 01:07:03', 1),
(56, 2, '2022-07-06 01:07:54', 1),
(57, 2, '2022-07-06 01:10:24', 1),
(58, 2, '2022-07-06 01:10:44', 1),
(59, 2, '2022-07-06 01:10:57', 1),
(60, 2, '2022-07-06 01:11:11', 1),
(61, 2, '2022-07-06 01:11:17', 1),
(62, 2, '2022-07-06 01:11:24', 1),
(63, 2, '2022-07-06 01:12:03', 1),
(64, 2, '2022-07-06 01:13:10', 1),
(65, 2, '2022-07-06 01:13:32', 1),
(66, 2, '2022-07-06 01:13:38', 1),
(67, 2, '2022-07-06 01:15:27', 1),
(68, 2, '2022-07-06 01:15:49', 1),
(69, 2, '2022-07-06 01:16:10', 1),
(70, 2, '2022-07-06 01:16:40', 1),
(71, 2, '2022-07-06 01:17:27', 1),
(72, 2, '2022-07-06 01:17:52', 1),
(73, 2, '2022-07-06 01:18:09', 1),
(74, 2, '2022-07-06 01:18:20', 1),
(75, 2, '2022-07-06 01:18:41', 1),
(76, 2, '2022-07-06 01:20:09', 1),
(77, 2, '2022-07-06 01:20:29', 1),
(78, 2, '2022-07-06 01:21:07', 1),
(79, 2, '2022-07-06 01:21:31', 1),
(80, 2, '2022-07-06 01:30:29', 1),
(81, 2, '2022-07-06 01:31:07', 1),
(82, 2, '2022-07-06 01:31:13', 1),
(83, 2, '2022-07-06 01:31:33', 1),
(84, 2, '2022-07-06 01:31:41', 1),
(85, 2, '2022-07-06 01:33:15', 1),
(86, 2, '2022-07-06 01:33:41', 1),
(87, 2, '2022-07-06 01:34:33', 1),
(88, 2, '2022-07-06 02:33:17', 1),
(89, 2, '2022-11-30 08:01:32', 1),
(90, 2, '2022-11-30 08:02:25', 1),
(91, 2, '2022-11-30 08:03:30', 1),
(92, 2, '2022-11-30 08:05:18', 1),
(93, 2, '2022-12-01 06:15:43', 1),
(94, 2, '2022-12-01 06:16:14', 1),
(95, 2, '2022-12-01 06:17:04', 1),
(96, 2, '2022-12-01 06:20:17', 1),
(97, 2, '2022-12-01 06:25:31', 1),
(98, 2, '2022-12-01 06:25:32', 1),
(99, 2, '2022-12-01 06:27:29', 1),
(100, 2, '2022-12-01 06:27:37', 1),
(101, 2, '2022-12-01 13:55:50', 1),
(102, 2, '2022-12-02 00:51:20', 1),
(103, 2, '2022-12-02 08:50:58', 1),
(104, 2, '2022-12-02 08:58:58', 1),
(105, 2, '2022-12-02 09:50:45', 1),
(106, 2, '2022-12-02 09:51:48', 1),
(107, 2, '2022-12-02 09:52:30', 1),
(108, 2, '2022-12-02 09:52:53', 1),
(109, 2, '2022-12-02 09:54:20', 1),
(110, 2, '2022-12-02 09:56:19', 1),
(111, 2, '2022-12-02 09:56:22', 1),
(112, 2, '2022-12-02 09:56:26', 1),
(113, 2, '2022-12-02 09:56:29', 1),
(114, 2, '2022-12-02 09:56:55', 1),
(115, 2, '2022-12-02 09:56:58', 1),
(116, 2, '2022-12-02 09:57:23', 1),
(117, 2, '2022-12-02 09:57:46', 1),
(118, 2, '2022-12-02 10:11:43', 1),
(119, 2, '2022-12-02 10:43:01', 1),
(120, 2, '2022-12-02 10:43:08', 1),
(121, 2, '2022-12-02 10:44:33', 1),
(122, 2, '2022-12-02 10:44:34', 1),
(123, 2, '2022-12-02 10:44:36', 1),
(124, 2, '2022-12-02 10:45:14', 1),
(125, 2, '2022-12-02 10:45:24', 1),
(126, 2, '2022-12-02 10:45:27', 1),
(127, 2, '2022-12-02 10:47:23', 1),
(128, 2, '2022-12-02 10:49:16', 1),
(129, 2, '2022-12-02 10:54:19', 1),
(130, 2, '2022-12-02 10:54:59', 1),
(131, 2, '2022-12-02 10:58:02', 1),
(132, 2, '2022-12-02 11:00:23', 1),
(133, 2, '2022-12-02 11:00:44', 1),
(134, 2, '2022-12-02 11:01:08', 1),
(135, 2, '2022-12-02 11:01:53', 1),
(136, 2, '2022-12-02 11:02:32', 1),
(137, 2, '2022-12-02 11:05:19', 1),
(138, 2, '2022-12-02 11:09:00', 1),
(139, 2, '2022-12-02 11:11:45', 1),
(140, 2, '2022-12-02 11:13:22', 1),
(141, 2, '2022-12-02 11:20:34', 1),
(142, 2, '2022-12-02 11:21:40', 1),
(143, 2, '2022-12-02 11:23:22', 1),
(144, 2, '2022-12-02 11:23:25', 1),
(145, 2, '2022-12-02 11:23:48', 1),
(146, 2, '2022-12-02 11:24:08', 1),
(147, 2, '2022-12-02 11:24:23', 1),
(148, 2, '2022-12-02 11:24:44', 1),
(149, 2, '2022-12-02 11:24:57', 1),
(150, 2, '2022-12-02 11:27:43', 1),
(151, 2, '2022-12-02 11:27:43', 1),
(152, 2, '2022-12-02 11:27:44', 1),
(153, 2, '2022-12-02 11:28:16', 1),
(154, 2, '2022-12-02 11:28:17', 1),
(155, 2, '2022-12-02 11:28:24', 1),
(156, 2, '2022-12-02 11:28:30', 1),
(157, 2, '2022-12-02 11:28:41', 1),
(158, 2, '2022-12-02 11:29:05', 1),
(159, 2, '2022-12-02 11:29:06', 1),
(160, 2, '2022-12-02 11:29:19', 1),
(161, 2, '2022-12-02 11:44:49', 1),
(162, 2, '2022-12-02 11:45:07', 1),
(163, 2, '2022-12-02 11:45:16', 1),
(164, 2, '2022-12-04 03:19:00', 1),
(165, 2, '2022-12-04 03:19:42', 3),
(166, 2, '2022-12-04 03:19:58', 1),
(167, 2, '2022-12-04 03:20:47', 3),
(168, 2, '2022-12-04 03:21:29', 3),
(169, 2, '2022-12-04 03:22:23', 3),
(170, 2, '2022-12-04 03:22:34', 1),
(171, 2, '2022-12-04 03:23:47', 3),
(172, 2, '2022-12-04 03:27:14', 3),
(173, 2, '2022-12-04 03:32:04', 1),
(174, 2, '2022-12-04 03:33:32', 1),
(175, 2, '2022-12-04 03:36:19', 1),
(176, 2, '2022-12-04 03:37:00', 1),
(177, 2, '2022-12-04 03:37:34', 1),
(178, 2, '2022-12-04 03:38:22', 3),
(179, 2, '2022-12-04 03:38:29', 1),
(180, 2, '2022-12-04 03:39:26', 1),
(181, 2, '2022-12-04 13:33:53', 1),
(182, 2, '2022-12-04 13:37:03', 1),
(183, 2, '2022-12-04 13:38:49', 1),
(184, 2, '2022-12-04 13:47:50', 3),
(185, 2, '2022-12-04 13:51:52', 3),
(186, 2, '2022-12-04 13:55:00', 1),
(187, 2, '2022-12-04 13:56:41', 1),
(188, 2, '2022-12-04 14:01:55', 1),
(189, 2, '2022-12-04 14:02:00', 3),
(190, 2, '2022-12-04 14:02:29', 3),
(191, 2, '2022-12-04 14:02:57', 1),
(192, 2, '2022-12-04 14:03:10', 1),
(193, 2, '2022-12-04 14:38:39', 1),
(194, 2, '2022-12-04 14:38:40', 1),
(195, 2, '2022-12-04 14:39:52', 1),
(196, 2, '2022-12-04 14:40:35', 1),
(197, 2, '2022-12-04 14:41:09', 1),
(198, 2, '2022-12-04 14:45:34', 1),
(199, 2, '2022-12-04 14:45:58', 1),
(200, 2, '2022-12-04 14:47:43', 1),
(201, 2, '2022-12-04 14:47:49', 1),
(202, 2, '2022-12-04 14:47:54', 1),
(203, 2, '2022-12-04 14:48:01', 1),
(204, 2, '2022-12-04 14:48:03', 1),
(205, 2, '2022-12-04 14:48:29', 1),
(206, 2, '2022-12-04 14:48:34', 1),
(207, 2, '2022-12-04 14:50:33', 1),
(208, 2, '2022-12-04 14:51:32', 1),
(209, 2, '2022-12-04 14:52:22', 1),
(210, 2, '2022-12-04 14:52:35', 1),
(211, 2, '2022-12-04 14:53:23', 1),
(212, 2, '2022-12-04 14:53:36', 1),
(213, 2, '2022-12-04 14:53:47', 1),
(214, 2, '2022-12-04 14:56:22', 1),
(215, 2, '2022-12-04 14:56:51', 1),
(216, 2, '2022-12-04 14:57:00', 1),
(217, 2, '2022-12-04 14:57:35', 1),
(218, 2, '2022-12-04 14:57:46', 1),
(219, 2, '2022-12-04 14:57:56', 1),
(220, 2, '2022-12-04 14:58:27', 1),
(221, 2, '2022-12-04 14:58:51', 1),
(222, 2, '2022-12-04 14:59:28', 1),
(223, 2, '2022-12-04 14:59:42', 1),
(224, 2, '2022-12-04 14:59:54', 1),
(225, 2, '2022-12-04 15:00:22', 1),
(226, 2, '2022-12-04 15:07:00', 1),
(227, 2, '2022-12-04 15:23:52', 1),
(228, 2, '2022-12-05 01:41:59', 1),
(229, 2, '2022-12-05 01:42:05', 1),
(230, 2, '2022-12-05 02:28:18', 1),
(231, 2, '2022-12-05 02:38:10', 1),
(232, 2, '2022-12-05 02:38:13', 1),
(233, 2, '2022-12-05 02:38:15', 1),
(234, 2, '2022-12-05 02:38:17', 1),
(235, 2, '2022-12-05 02:38:51', 1),
(236, 2, '2022-12-05 02:39:08', 1),
(237, 2, '2022-12-05 02:39:14', 1),
(238, 2, '2022-12-05 02:39:21', 1),
(239, 2, '2022-12-05 02:39:26', 1),
(240, 2, '2022-12-05 02:39:31', 1),
(241, 2, '2022-12-05 02:39:32', 1),
(242, 2, '2022-12-05 02:39:45', 1),
(243, 2, '2022-12-05 02:39:49', 1),
(244, 2, '2022-12-05 03:03:11', 1),
(245, 2, '2022-12-05 03:41:49', 1),
(246, 2, '2022-12-05 03:42:49', 1),
(247, 2, '2022-12-05 03:43:06', 1),
(248, 2, '2022-12-05 03:43:11', 1),
(249, 2, '2022-12-05 03:44:32', 1),
(250, 2, '2022-12-05 03:44:40', 1),
(251, 2, '2022-12-05 03:44:43', 1),
(252, 2, '2022-12-05 05:05:25', 1),
(253, 2, '2022-12-05 06:08:47', 1),
(254, 2, '2022-12-05 06:15:55', 1),
(255, 2, '2022-12-05 06:16:38', 1),
(256, 2, '2022-12-05 06:16:41', 1),
(257, 2, '2022-12-05 06:16:46', 1),
(258, 2, '2022-12-05 06:18:44', 1),
(259, 2, '2022-12-05 06:18:46', 1),
(260, 2, '2022-12-05 06:18:50', 1),
(261, 2, '2022-12-05 06:18:57', 1),
(262, 2, '2022-12-05 06:24:34', 1),
(263, 2, '2022-12-05 06:24:43', 1),
(264, 2, '2022-12-05 06:25:18', 1),
(265, 2, '2022-12-05 06:31:30', 1),
(266, 2, '2022-12-05 06:34:05', 1),
(267, 2, '2022-12-05 06:38:52', 1),
(268, 2, '2022-12-05 06:39:59', 1),
(269, 2, '2022-12-05 06:43:36', 1),
(270, 2, '2022-12-05 06:44:01', 1),
(271, 2, '2022-12-05 06:44:53', 1),
(272, 2, '2022-12-05 06:45:11', 1),
(273, 2, '2022-12-05 06:46:10', 1),
(274, 2, '2022-12-05 06:46:14', 1),
(275, 2, '2022-12-05 06:46:45', 1),
(276, 2, '2022-12-05 06:46:48', 1),
(277, 2, '2022-12-05 06:46:52', 1),
(278, 2, '2022-12-05 06:48:30', 1),
(279, 2, '2022-12-05 06:53:16', 1),
(280, 2, '2022-12-05 06:54:26', 1),
(281, 2, '2022-12-05 06:55:23', 1),
(282, 2, '2022-12-05 06:55:51', 1),
(283, 2, '2022-12-05 06:58:44', 4),
(284, 2, '2022-12-05 07:09:06', 4),
(285, 2, '2022-12-05 07:11:45', 4),
(286, 2, '2022-12-05 07:11:57', 4),
(287, 2, '2022-12-05 07:12:28', 4),
(288, 2, '2022-12-05 07:13:19', 4),
(289, 2, '2022-12-05 07:13:20', 4),
(290, 2, '2022-12-05 07:14:38', 4),
(291, 2, '2022-12-05 07:14:58', 4),
(292, 2, '2022-12-05 07:15:09', 3),
(293, 2, '2022-12-05 07:22:17', 4),
(294, 2, '2022-12-05 07:22:46', 4),
(295, 2, '2022-12-05 07:23:07', 1),
(296, 2, '2022-12-05 07:23:19', 1),
(297, 2, '2022-12-05 07:24:20', 1),
(298, 2, '2022-12-05 07:35:55', 1),
(299, 2, '2022-12-05 07:36:26', 1),
(300, 2, '2022-12-05 07:53:08', 1),
(301, 2, '2022-12-05 07:53:14', 1),
(302, 2, '2022-12-05 07:53:21', 1),
(303, 2, '2022-12-05 07:53:56', 1),
(304, 2, '2022-12-05 07:54:04', 1),
(305, 2, '2022-12-05 07:54:59', 1),
(306, 2, '2022-12-05 07:55:09', 1),
(307, 2, '2022-12-05 07:55:17', 1),
(308, 2, '2022-12-05 07:55:34', 1),
(309, 2, '2022-12-05 07:55:49', 1),
(310, 2, '2022-12-05 07:59:30', 1),
(311, 2, '2022-12-05 08:10:52', 1),
(312, 2, '2022-12-07 14:56:04', 1),
(313, 2, '2022-12-07 15:02:38', 1),
(314, 2, '2022-12-09 00:55:58', 1),
(315, 2, '2022-12-09 00:58:56', 1),
(316, 2, '2022-12-09 01:04:17', 1),
(317, 2, '2022-12-09 01:11:11', 1),
(318, 2, '2022-12-09 01:11:59', 1),
(319, 2, '2022-12-09 01:15:11', 1),
(320, 2, '2022-12-09 01:15:18', 1),
(321, 2, '2022-12-09 01:15:33', 1),
(322, 2, '2022-12-09 01:15:44', 1),
(323, 2, '2022-12-09 01:16:00', 1),
(324, 2, '2022-12-09 01:16:17', 1),
(325, 2, '2022-12-09 01:16:55', 1),
(326, 2, '2022-12-09 01:17:36', 1),
(327, 2, '2022-12-09 01:17:36', 1),
(328, 2, '2022-12-09 01:17:40', 1),
(329, 2, '2022-12-09 01:17:59', 1),
(330, 2, '2022-12-09 01:18:22', 1),
(331, 2, '2022-12-09 01:18:25', 1),
(332, 2, '2022-12-09 01:18:37', 1),
(333, 2, '2022-12-09 01:19:15', 1),
(334, 2, '2022-12-09 01:34:56', 1),
(335, 2, '2022-12-09 01:37:32', 1),
(336, 2, '2022-12-09 01:37:42', 4),
(337, 2, '2022-12-09 01:38:02', 4),
(338, 2, '2022-12-09 01:38:08', 1),
(339, 2, '2022-12-09 01:38:27', 4),
(340, 2, '2022-12-09 01:38:33', 4),
(341, 2, '2022-12-09 01:39:22', 4),
(342, 2, '2022-12-09 01:39:31', 4),
(343, 2, '2022-12-09 01:49:05', 1),
(344, 2, '2022-12-09 01:57:19', 1),
(345, 2, '2022-12-09 02:18:35', 1),
(346, 2, '2022-12-09 02:18:42', 1),
(347, 2, '2022-12-09 02:57:46', 1),
(348, 2, '2022-12-09 02:57:58', 1),
(349, 2, '2022-12-09 02:58:15', 1),
(350, 2, '2022-12-09 03:04:01', 1),
(351, 2, '2022-12-09 03:07:00', 1),
(352, 2, '2022-12-09 03:24:23', 1),
(353, 2, '2022-12-09 03:24:40', 1),
(354, 2, '2022-12-09 03:27:12', 1),
(355, 2, '2022-12-09 03:36:49', 1),
(356, 2, '2022-12-09 03:37:27', 1),
(357, 2, '2022-12-09 03:38:16', 1),
(358, 2, '2022-12-09 03:38:26', 4),
(359, 2, '2022-12-09 03:40:18', 1),
(360, 2, '2022-12-09 11:44:35', 1),
(361, 2, '2022-12-09 11:45:08', 1),
(362, 2, '2022-12-09 11:49:38', 1),
(363, 2, '2022-12-09 11:50:01', 1),
(364, 2, '2022-12-09 11:50:08', 1),
(365, 2, '2022-12-09 11:50:29', 1),
(366, 2, '2022-12-09 11:50:34', 1),
(367, 2, '2022-12-09 11:50:53', 1),
(368, 2, '2022-12-09 11:51:16', 1),
(369, 2, '2022-12-09 11:58:23', 1),
(370, 2, '2022-12-09 12:00:02', 1),
(371, 2, '2022-12-09 12:31:23', 1),
(372, 2, '2022-12-09 13:00:06', 1),
(373, 2, '2022-12-09 13:01:47', 1),
(374, 2, '2022-12-10 11:54:48', 1),
(375, 2, '2022-12-10 11:57:25', 1),
(376, 2, '2022-12-10 11:57:51', 3),
(377, 2, '2022-12-13 03:46:32', 1),
(378, 2, '2022-12-13 04:04:27', 1),
(379, 2, '2022-12-13 04:04:43', 4),
(380, 2, '2022-12-13 04:14:06', 4),
(381, 2, '2022-12-13 04:35:15', 4),
(382, 2, '2022-12-13 04:35:42', 7),
(383, 2, '2022-12-13 04:36:03', 1),
(384, 2, '2022-12-13 04:36:42', 1),
(385, 2, '2022-12-13 04:41:39', 1),
(386, 2, '2022-12-13 04:44:55', 4),
(387, 2, '2022-12-13 04:48:41', 4),
(388, 2, '2022-12-13 04:50:17', 1),
(389, 2, '2022-12-13 04:50:28', 4),
(390, 2, '2022-12-13 04:51:18', 4),
(391, 2, '2022-12-13 04:51:22', 4),
(392, 2, '2022-12-13 04:52:08', 4),
(393, 2, '2022-12-13 04:52:47', 4),
(394, 2, '2022-12-13 04:52:57', 4),
(395, 2, '2022-12-13 04:53:55', 4),
(396, 2, '2022-12-13 04:54:02', 4),
(397, 2, '2022-12-13 04:54:11', 4),
(398, 2, '2022-12-13 04:54:16', 4),
(399, 2, '2022-12-13 04:54:48', 4),
(400, 2, '2022-12-13 04:55:11', 4),
(401, 2, '2022-12-13 04:55:57', 4),
(402, 2, '2022-12-13 04:56:17', 4),
(403, 2, '2022-12-13 04:56:45', 4),
(404, 2, '2022-12-13 04:56:54', 4),
(405, 2, '2022-12-13 04:57:23', 4),
(406, 2, '2022-12-13 04:57:31', 3),
(407, 2, '2022-12-13 04:57:46', 3),
(408, 2, '2022-12-13 04:57:59', 4),
(409, 2, '2022-12-13 05:02:14', 4),
(410, 2, '2022-12-13 05:02:52', 4),
(411, 2, '2022-12-13 05:03:10', 4),
(412, 2, '2022-12-13 05:03:25', 4),
(413, 2, '2022-12-13 05:03:43', 4),
(414, 2, '2022-12-13 05:03:55', 4),
(415, 2, '2022-12-13 05:04:13', 4),
(416, 2, '2022-12-13 05:04:29', 4),
(417, 2, '2022-12-13 05:04:46', 3),
(418, 2, '2022-12-14 03:12:12', 1),
(419, 2, '2022-12-15 08:37:17', 1),
(420, 2, '2022-12-15 08:38:12', 1),
(421, 2, '2022-12-15 08:38:28', 1),
(422, 2, '2022-12-15 08:39:21', 1),
(423, 2, '2022-12-15 08:41:53', 1),
(424, 2, '2022-12-15 08:42:31', 4),
(425, 2, '2022-12-15 08:42:59', 4),
(426, 2, '2022-12-15 08:44:11', 4),
(427, 2, '2022-12-15 08:44:37', 4),
(428, 2, '2022-12-15 08:45:36', 4),
(429, 2, '2022-12-15 08:46:05', 4),
(430, 2, '2022-12-15 08:46:31', 4),
(431, 2, '2022-12-15 08:46:51', 4),
(432, 2, '2022-12-15 08:47:18', 4),
(433, 2, '2022-12-15 08:47:39', 4),
(434, 2, '2022-12-15 08:48:05', 4),
(435, 2, '2022-12-15 08:48:16', 4),
(436, 2, '2022-12-15 08:48:34', 4),
(437, 2, '2022-12-15 08:49:58', 4),
(438, 2, '2022-12-15 08:50:03', 4),
(439, 2, '2022-12-15 08:50:05', 4),
(440, 2, '2022-12-15 08:50:08', 4),
(441, 2, '2022-12-15 08:50:40', 4),
(442, 2, '2022-12-15 08:50:42', 4),
(443, 2, '2022-12-15 08:50:44', 3),
(444, 2, '2022-12-15 08:51:18', 3),
(445, 2, '2022-12-15 08:51:25', 3),
(446, 2, '2022-12-15 08:51:28', 4),
(447, 2, '2022-12-15 08:52:06', 4),
(448, 2, '2022-12-15 08:52:31', 4),
(449, 2, '2022-12-15 08:52:44', 4),
(450, 2, '2022-12-15 08:53:01', 4),
(451, 2, '2022-12-15 08:53:11', 4),
(452, 2, '2022-12-15 08:53:15', 3),
(453, 2, '2022-12-15 08:53:21', 4),
(454, 2, '2022-12-15 08:53:36', 4),
(455, 2, '2022-12-15 08:53:46', 4),
(456, 2, '2022-12-15 08:53:59', 4),
(457, 2, '2022-12-15 08:54:13', 4),
(458, 2, '2022-12-15 08:54:25', 4),
(459, 2, '2022-12-15 08:54:50', 4),
(460, 2, '2022-12-15 08:55:14', 4),
(461, 2, '2022-12-15 08:55:22', 4),
(462, 2, '2022-12-15 08:55:42', 4),
(463, 2, '2022-12-15 08:55:56', 4),
(464, 2, '2022-12-15 08:56:20', 4),
(465, 2, '2022-12-15 08:56:40', 4),
(466, 2, '2022-12-15 08:56:48', 4),
(467, 2, '2022-12-15 08:57:02', 4),
(468, 2, '2022-12-15 08:57:23', 4),
(469, 2, '2022-12-15 08:57:32', 4),
(470, 2, '2022-12-15 08:57:40', 3),
(471, 2, '2022-12-15 08:57:44', 4),
(472, 2, '2022-12-15 08:57:55', 4),
(473, 2, '2022-12-15 08:57:59', 3),
(474, 2, '2022-12-15 08:58:04', 4),
(475, 2, '2022-12-15 08:58:24', 4),
(476, 2, '2022-12-15 08:58:38', 1),
(477, 2, '2022-12-15 09:00:07', 1),
(478, 2, '2022-12-16 07:38:49', 1),
(479, 2, '2022-12-16 07:40:14', 1),
(480, 2, '2022-12-16 07:46:48', 1),
(481, 2, '2022-12-16 07:47:07', 1),
(482, 2, '2022-12-16 07:57:38', 1),
(483, 2, '2022-12-16 08:00:46', 1),
(484, 2, '2022-12-16 08:00:52', 8),
(485, 2, '2022-12-16 08:01:06', 1),
(486, 2, '2022-12-16 08:01:34', 1),
(487, 2, '2022-12-16 08:01:42', 8),
(488, 2, '2022-12-16 08:05:20', 1),
(489, 2, '2022-12-16 08:05:44', 1),
(490, 2, '2022-12-16 08:08:12', 1),
(491, 2, '2022-12-16 08:09:04', 1),
(492, 2, '2022-12-16 08:09:49', 1),
(493, 2, '2022-12-16 08:15:37', 1),
(494, 2, '2022-12-16 08:17:00', 1),
(495, 2, '2022-12-16 08:19:40', 1),
(496, 2, '2022-12-16 08:19:50', 8),
(497, 2, '2022-12-16 08:20:24', 8),
(498, 2, '2022-12-16 08:24:56', 8),
(499, 2, '2022-12-16 08:25:50', 8),
(500, 2, '2022-12-16 08:27:59', 8),
(501, 2, '2022-12-16 08:28:33', 8),
(502, 2, '2022-12-16 08:28:45', 8),
(503, 2, '2022-12-16 08:29:44', 8),
(504, 2, '2022-12-16 08:30:19', 8),
(505, 2, '2022-12-16 08:42:42', 8),
(506, 2, '2022-12-16 08:47:21', 1),
(507, 2, '2022-12-16 08:47:56', 8),
(508, 2, '2022-12-16 12:36:29', 1),
(509, 2, '2022-12-16 14:03:39', 8),
(510, 2, '2022-12-17 04:27:18', 1),
(511, 2, '2022-12-17 06:21:31', 1),
(512, 2, '2022-12-17 06:39:35', 1),
(513, 2, '2022-12-17 07:57:00', 1),
(514, 2, '2022-12-17 07:58:04', 1),
(515, 2, '2022-12-17 08:12:53', 1),
(516, 2, '2022-12-17 08:45:08', 1),
(517, 2, '2022-12-17 09:18:20', 1),
(518, 2, '2022-12-17 09:18:44', 1),
(519, 2, '2022-12-17 09:19:54', 1),
(520, 2, '2022-12-17 09:21:17', 1),
(521, 2, '2022-12-17 09:57:24', 1),
(522, 2, '2022-12-17 10:00:32', 8),
(523, 2, '2022-12-17 10:09:23', 1),
(524, 2, '2022-12-17 10:11:11', 1),
(525, 2, '2022-12-17 10:11:55', 1),
(526, 2, '2022-12-17 10:13:06', 1),
(527, 2, '2022-12-17 10:13:14', 1),
(528, 2, '2022-12-17 10:29:27', 1),
(529, 2, '2022-12-17 10:29:57', 1),
(530, 2, '2022-12-17 10:30:05', 1),
(531, 2, '2022-12-17 10:39:01', 1),
(532, 2, '2022-12-18 02:45:34', 1),
(533, 2, '2022-12-18 02:54:37', 1),
(534, 2, '2022-12-18 03:07:39', 1),
(535, 2, '2022-12-18 03:10:24', 11),
(536, 2, '2022-12-18 03:10:47', 1),
(537, 2, '2022-12-18 03:25:49', 1),
(538, 2, '2022-12-18 03:26:27', 1),
(539, 2, '2022-12-18 03:32:06', 1),
(540, 2, '2022-12-18 03:33:37', 8),
(541, 2, '2022-12-18 03:35:53', 1),
(542, 2, '2022-12-24 09:21:02', 1),
(543, 2, '2022-12-24 09:23:41', 1),
(544, 2, '2022-12-24 09:24:38', 1),
(545, 2, '2022-12-24 13:34:26', 1),
(546, 2, '2022-12-24 13:34:56', 1),
(547, 2, '2022-12-24 13:59:44', 1),
(548, 2, '2022-12-24 14:01:45', 1),
(549, 2, '2022-12-24 14:03:05', 1),
(550, 2, '2022-12-24 14:03:27', 1),
(551, 2, '2022-12-24 14:03:29', 12),
(552, 2, '2022-12-24 14:03:35', 12),
(553, 2, '2022-12-24 14:03:43', 8),
(554, 2, '2022-12-24 14:04:00', 8),
(555, 2, '2022-12-24 14:04:02', 9),
(556, 2, '2022-12-24 14:04:06', 8),
(557, 2, '2022-12-24 14:04:08', 8),
(558, 2, '2022-12-24 14:04:17', 1),
(559, 2, '2022-12-24 14:04:26', 12),
(560, 2, '2022-12-24 14:04:50', 1),
(561, 2, '2022-12-24 14:05:59', 1),
(562, 2, '2022-12-24 14:08:19', 1),
(563, 2, '2022-12-24 14:12:38', 1),
(564, 2, '2022-12-24 14:15:13', 1),
(565, 2, '2022-12-24 14:15:25', 12),
(566, 2, '2022-12-24 14:15:42', 1),
(567, 2, '2022-12-24 14:27:52', 12),
(568, 2, '2022-12-24 14:28:08', 1),
(569, 2, '2022-12-24 14:29:44', 12),
(570, 2, '2022-12-24 14:29:50', 1),
(571, 2, '2022-12-24 14:30:31', 12),
(572, 2, '2022-12-24 14:30:43', 1),
(573, 2, '2022-12-24 14:32:54', 1),
(574, 2, '2022-12-24 14:34:03', 1),
(575, 2, '2022-12-24 14:34:39', 1),
(576, 2, '2022-12-24 14:34:57', 1),
(577, 2, '2022-12-24 14:35:26', 1),
(578, 2, '2022-12-24 14:36:21', 1),
(579, 2, '2022-12-24 14:37:17', 1),
(580, 2, '2022-12-24 14:37:29', 1),
(581, 2, '2022-12-24 14:38:55', 1),
(582, 2, '2022-12-24 14:42:49', 1),
(583, 2, '2022-12-24 14:43:08', 1),
(584, 2, '2022-12-24 14:44:57', 1),
(585, 2, '2022-12-24 14:45:22', 1),
(586, 2, '2022-12-24 14:45:51', 1),
(587, 2, '2022-12-24 14:46:01', 1),
(588, 2, '2022-12-24 14:46:53', 1),
(589, 2, '2022-12-24 14:47:29', 1),
(590, 2, '2022-12-24 14:50:09', 1),
(591, 2, '2022-12-24 14:56:45', 12),
(592, 2, '2022-12-24 14:57:30', 1),
(593, 2, '2022-12-24 14:57:41', 8),
(594, 2, '2022-12-24 14:57:45', 8),
(595, 2, '2022-12-24 14:58:35', 8),
(596, 2, '2022-12-24 14:58:44', 1),
(597, 2, '2022-12-24 15:16:01', 1),
(598, 2, '2022-12-24 15:16:08', 14),
(599, 2, '2022-12-24 15:16:17', 1),
(600, 2, '2022-12-24 15:16:30', 13),
(601, 2, '2022-12-24 15:16:38', 1),
(602, 2, '2022-12-24 15:41:41', 1),
(603, 2, '2022-12-24 15:41:59', 13),
(604, 2, '2022-12-24 15:42:05', 1),
(605, 2, '2022-12-24 15:42:32', 1),
(606, 2, '2022-12-24 15:42:39', 13),
(607, 2, '2022-12-24 15:42:41', 1),
(608, 2, '2022-12-24 15:42:45', 1),
(609, 2, '2022-12-24 15:42:48', 1),
(610, 2, '2022-12-24 15:42:54', 1),
(611, 2, '2023-01-04 04:14:07', 1),
(612, 2, '2023-01-04 04:14:48', 1),
(613, 2, '2023-01-04 04:15:12', 1),
(614, 2, '2023-01-04 04:17:03', 14),
(615, 2, '2023-01-04 04:19:04', 1),
(616, 2, '2023-01-05 02:38:23', 1),
(617, 2, '2023-01-05 02:42:12', 1),
(618, 2, '2023-01-05 03:51:04', 8),
(619, 2, '2023-01-05 03:51:05', 14),
(620, 2, '2023-01-05 04:08:12', 1),
(621, 2, '2023-01-05 04:08:36', 1),
(622, 2, '2023-01-10 03:08:36', 1),
(623, 2, '2023-01-10 03:08:46', 15),
(624, 2, '2023-01-10 03:08:54', 1),
(625, 2, '2023-01-10 03:21:56', 1),
(626, 2, '2023-01-11 03:40:17', 1),
(627, 2, '2023-01-17 02:41:49', 1),
(628, 2, '2023-01-17 03:26:52', 1),
(629, 2, '2023-01-17 05:19:19', 1),
(630, 2, '2023-01-17 12:29:35', 1),
(631, 2, '2023-01-17 13:18:17', 1),
(632, 2, '2023-01-17 14:45:35', 1),
(633, 2, '2023-01-17 16:06:06', 1),
(634, 2, '2023-01-17 23:16:13', 1),
(635, 2, '2023-01-18 01:16:38', 1),
(636, 2, '2023-01-18 01:41:49', 1),
(637, 2, '2023-01-18 01:41:57', 1),
(638, 2, '2023-01-18 01:42:28', 1),
(639, 2, '2023-01-18 01:42:48', 21),
(640, 2, '2023-01-18 01:43:40', 1),
(641, 2, '2023-01-18 02:06:13', 1),
(642, 2, '2023-01-18 03:05:46', 1),
(643, 2, '2023-01-18 03:07:38', 1),
(644, 2, '2023-01-18 03:09:02', 1),
(645, 2, '2023-01-18 03:13:23', 1),
(646, 2, '2023-01-18 03:15:14', 1),
(647, 2, '2023-01-18 03:15:17', 1),
(648, 2, '2023-01-18 03:15:17', 1),
(649, 2, '2023-01-18 03:15:18', 1),
(650, 2, '2023-01-18 03:15:19', 1),
(651, 2, '2023-01-18 03:46:02', 1),
(652, 2, '2023-01-18 03:47:34', 1),
(653, 2, '2023-01-18 04:05:22', 1),
(654, 2, '2023-01-18 04:30:33', 1),
(655, 2, '2023-01-18 04:37:13', 1),
(656, 2, '2023-01-18 04:38:15', 25),
(657, 2, '2023-01-18 13:30:30', 1),
(658, 2, '2023-01-19 01:57:10', 1),
(659, 2, '2023-01-19 02:13:46', 1),
(660, 2, '2023-01-19 02:42:59', 25),
(661, 2, '2023-01-19 02:46:20', 1),
(662, 2, '2023-01-19 02:47:43', 1),
(663, 2, '2023-01-19 02:48:31', 1),
(664, 2, '2023-01-19 02:52:40', 1),
(665, 2, '2023-01-19 02:56:09', 1),
(666, 2, '2023-01-19 03:03:12', 1),
(667, 2, '2023-01-19 03:05:04', 28),
(668, 2, '2023-01-19 03:05:08', 1),
(669, 2, '2023-01-19 03:11:10', 1),
(670, 2, '2023-01-19 05:06:22', 1),
(671, 2, '2023-01-19 05:10:57', 1),
(672, 2, '2023-01-19 05:11:30', 1),
(673, 2, '2023-01-19 05:11:57', 1),
(674, 2, '2023-01-19 05:12:39', 1),
(675, 2, '2023-01-19 05:13:57', 1),
(676, 2, '2023-01-19 05:14:23', 1),
(677, 2, '2023-01-19 05:15:45', 1),
(678, 2, '2023-01-19 05:16:01', 25),
(679, 2, '2023-01-19 05:18:06', 1),
(680, 2, '2023-01-19 05:19:03', 1),
(681, 2, '2023-01-19 05:22:35', 1),
(682, 2, '2023-01-19 05:22:56', 1),
(683, 2, '2023-01-19 05:23:13', 1),
(684, 2, '2023-01-19 05:24:16', 1),
(685, 2, '2023-01-19 05:25:27', 1),
(686, 2, '2023-01-19 05:28:36', 1),
(687, 2, '2023-01-19 05:30:14', 1),
(688, 2, '2023-01-19 05:33:53', 1),
(689, 2, '2023-01-19 05:36:55', 1),
(690, 2, '2023-01-19 05:36:57', 1),
(691, 2, '2023-01-19 05:40:58', 1),
(692, 2, '2023-01-19 05:41:00', 1),
(693, 2, '2023-01-19 08:03:04', 25),
(694, 2, '2023-01-19 08:05:51', 25),
(695, 2, '2023-01-19 08:06:33', 25),
(696, 2, '2023-01-19 08:12:54', 1),
(697, 2, '2023-01-19 08:12:55', 1),
(698, 2, '2023-01-19 11:03:39', 1),
(699, 2, '2023-01-19 11:03:41', 1),
(700, 2, '2023-01-19 11:18:47', 32),
(701, 2, '2023-01-19 12:09:29', 1),
(702, 2, '2023-01-19 12:09:30', 1),
(703, 2, '2023-01-20 00:14:20', 1),
(704, 2, '2023-01-20 00:14:21', 1),
(705, 2, '2023-01-20 00:15:13', 1),
(706, 2, '2023-01-20 00:15:14', 1),
(707, 2, '2023-01-20 00:15:57', 1),
(708, 2, '2023-01-20 00:15:58', 1),
(709, 2, '2023-01-20 00:19:13', 1),
(710, 2, '2023-01-20 00:19:14', 1),
(711, 2, '2023-01-20 00:19:37', 1),
(712, 2, '2023-01-20 00:19:38', 1),
(713, 2, '2023-01-20 00:19:56', 1),
(714, 2, '2023-01-20 00:19:57', 1),
(715, 2, '2023-01-20 00:20:40', 1),
(716, 2, '2023-01-20 00:57:20', 1),
(717, 2, '2023-01-20 00:59:16', 1),
(718, 2, '2023-01-20 01:05:47', 1),
(719, 2, '2023-01-20 01:06:18', 1),
(720, 2, '2023-01-20 01:09:35', 1),
(721, 2, '2023-01-20 02:26:06', 1),
(722, 2, '2023-01-20 02:26:33', 1),
(723, 2, '2023-01-20 02:38:01', 1),
(724, 2, '2023-01-20 03:47:42', 1),
(725, 2, '2023-01-20 03:48:03', 1),
(726, 2, '2023-01-20 03:48:45', 1),
(727, 2, '2023-01-20 23:04:21', 1),
(728, 2, '2023-01-20 23:07:12', 39),
(729, 2, '2023-01-20 23:07:25', 1),
(730, 2, '2023-01-20 23:07:27', 38),
(731, 2, '2023-01-20 23:07:32', 1),
(732, 2, '2023-01-20 23:07:38', 1),
(733, 2, '2023-01-20 23:07:49', 33),
(734, 2, '2023-01-20 23:11:02', 1),
(735, 2, '2023-01-20 23:11:37', 33),
(736, 2, '2023-01-20 23:16:18', 1),
(737, 2, '2023-01-20 23:16:26', 39),
(738, 2, '2023-01-20 23:19:08', 1),
(739, 2, '2023-01-20 23:19:22', 40),
(740, 2, '2023-01-20 23:20:54', 1),
(741, 2, '2023-01-20 23:21:13', 35),
(742, 2, '2023-01-20 23:22:06', 35),
(743, 2, '2023-01-20 23:22:07', 35),
(744, 2, '2023-01-20 23:23:28', 35),
(745, 2, '2023-01-20 23:23:59', 35),
(746, 2, '2023-01-20 23:27:55', 35),
(747, 2, '2023-01-20 23:28:53', 1),
(748, 2, '2023-01-20 23:30:23', 1),
(749, 2, '2023-01-20 23:31:36', 1),
(750, 2, '2023-01-20 23:32:35', 34),
(751, 2, '2023-01-20 23:37:43', 33),
(752, 2, '2023-01-20 23:58:15', 33),
(753, 2, '2023-01-21 00:28:29', 1),
(754, 2, '2023-01-21 00:28:34', 38),
(755, 2, '2023-01-21 00:28:48', 1),
(756, 2, '2023-01-21 00:28:51', 35),
(757, 2, '2023-01-21 00:28:57', 33),
(758, 2, '2023-01-21 00:29:03', 33),
(759, 2, '2023-01-21 06:37:03', 1),
(760, 2, '2023-01-21 06:56:59', 1),
(761, 2, '2023-01-21 06:57:40', 43),
(762, 2, '2023-01-21 07:07:45', 43),
(763, 2, '2023-01-21 07:15:19', 42),
(764, 2, '2023-01-21 07:15:37', 40),
(765, 2, '2023-01-21 07:17:00', 40),
(766, 2, '2023-01-21 07:17:58', 40),
(767, 2, '2023-01-21 07:18:13', 38),
(768, 2, '2023-01-21 07:26:15', 33),
(769, 2, '2023-01-21 07:26:27', 34),
(770, 2, '2023-01-21 07:26:44', 35),
(771, 2, '2023-01-21 07:26:57', 36),
(772, 2, '2023-01-21 07:34:31', 35),
(773, 2, '2023-01-21 07:34:43', 36),
(774, 2, '2023-01-21 07:34:56', 38),
(775, 2, '2023-01-21 07:35:13', 39),
(776, 2, '2023-01-21 07:59:59', 1),
(777, 2, '2023-01-21 08:00:02', 1),
(778, 2, '2023-01-21 08:00:04', 1),
(779, 2, '2023-01-21 08:00:06', 1),
(780, 2, '2023-01-21 08:00:14', 1),
(781, 2, '2023-01-21 08:01:23', 1),
(782, 2, '2023-01-21 08:01:46', 1),
(783, 2, '2023-01-21 08:02:31', 1),
(784, 2, '2023-01-21 08:03:11', 1);

--
-- Indexes for dumped tables
--

--
-- Indeks untuk tabel `articles`
--
ALTER TABLE `articles`
  ADD PRIMARY KEY (`id_articles`),
  ADD KEY `id_categories` (`id_categories`),
  ADD KEY `id_users` (`id_users`);

--
-- Indeks untuk tabel `categories`
--
ALTER TABLE `categories`
  ADD PRIMARY KEY (`id_categories`);

--
-- Indeks untuk tabel `community`
--
ALTER TABLE `community`
  ADD PRIMARY KEY (`id_community`);

--
-- Indeks untuk tabel `users`
--
ALTER TABLE `users`
  ADD PRIMARY KEY (`id_users`);

--
-- Indeks untuk tabel `visitors`
--
ALTER TABLE `visitors`
  ADD PRIMARY KEY (`id_visitors`);

--
-- AUTO_INCREMENT untuk tabel yang dibuang
--

--
-- AUTO_INCREMENT untuk tabel `articles`
--
ALTER TABLE `articles`
  MODIFY `id_articles` int(11) NOT NULL AUTO_INCREMENT, AUTO_INCREMENT=44;

--
-- AUTO_INCREMENT untuk tabel `categories`
--
ALTER TABLE `categories`
  MODIFY `id_categories` int(11) NOT NULL AUTO_INCREMENT, AUTO_INCREMENT=13;

--
-- AUTO_INCREMENT untuk tabel `community`
--
ALTER TABLE `community`
  MODIFY `id_community` int(11) NOT NULL AUTO_INCREMENT, AUTO_INCREMENT=40;

--
-- AUTO_INCREMENT untuk tabel `users`
--
ALTER TABLE `users`
  MODIFY `id_users` int(11) NOT NULL AUTO_INCREMENT, AUTO_INCREMENT=40;

--
-- AUTO_INCREMENT untuk tabel `visitors`
--
ALTER TABLE `visitors`
  MODIFY `id_visitors` int(11) NOT NULL AUTO_INCREMENT, AUTO_INCREMENT=785;
COMMIT;

/*!40101 SET CHARACTER_SET_CLIENT=@OLD_CHARACTER_SET_CLIENT */;
/*!40101 SET CHARACTER_SET_RESULTS=@OLD_CHARACTER_SET_RESULTS */;
/*!40101 SET COLLATION_CONNECTION=@OLD_COLLATION_CONNECTION */;
